symbol,interval,fast_ma,slow_ma,lookback,quantity,fee_rate,initial_capital,trade_index,side,entry_time,entry_price,exit_time,exit_price,gross_pnl,net_pnl,fee,bars_held
BTCUSDT,1m,7,25,50,0.01000000,0.00040000,10000.00,1,LONG,1787260440000,72638.90000000,1787262480000,72697.10000000,0.58200000,0.00065600,0.58134400,34
BTCUSDT,1m,7,25,50,0.01000000,0.00040000,10000.00,2,SHORT,1787262480000,72697.10000000,1787264580000,72705.40000000,-0.08300000,-0.66461000,0.58161000,35
BTCUSDT,1m,7,25,50,0.01000000,0.00040000,10000.00,3,LONG,1787264580000,72705.40000000,1787265780000,72692.60000000,-0.12800000,-0.70959200,0.58159200,20
BTCUSDT,1m,7,25,50,0.01000000,0.00040000,10000.00,4,SHORT,1787265780000,72692.60000000,1787266440000,72803.70000000,-1.11100000,-1.69298520,0.58198520,11
BTCUSDT,1m,7,25,50,0.01000000,0.00040000,10000.00,5,LONG,1787266440000,72803.70000000,1787266860000,72640.10000000,-1.63600000,-2.21777520,0.58177520,7
BTCUSDT,1m,7,25,50,0.01000000,0.00040000,10000.00,6,SHORT,1787266860000,72640.10000000,1787267280000,72749.90000000,-1.09800000,-1.67956000,0.58156000,7
BTCUSDT,1m,7,25,50,0.01000000,0.00040000,10000.00,7,LONG,1787267280000,72749.90000000,1787269320000,73091.50000000,3.41600000,2.83263440,0.58336560,34
BTCUSDT,1m,7,25,50,0.01000000,0.00040000,10000.00,8,SHORT,1787269320000,73091.50000000,1787270700000,73063.70000000,0.27800000,-0.30662080,0.58462080,23
BTCUSDT,1m,7,25,50,0.01000000,0.00040000,10000.00,9,LONG,1787270700000,73063.70000000,1787272800000,73618.00000000,5.54300000,4.95627320,0.58672680,35
BTCUSDT,1m,7,25,50,0.01000000,0.00040000,10000.00,10,SHORT,1787272800000,73618.00000000,1787273580000,73793.00000000,-1.75000000,-2.33964400,0.58964400,13
BTCUSDT,1m,7,25,50,0.01000000,0.00040000,10000.00,11,LONG,1787273580000,73793.00000000,1787274060000,73663.00000000,-1.30000000,-1.88982400,0.58982400,8
BTCUSDT,1m,7,25,50,0.01000000,0.00040000,10000.00,12,SHORT,1787274060000,73663.00000000,1787274120000,73735.90000000,-0.72900000,-1.31859560,0.58959560,1
BTCUSDT,1m,7,25,50,0.01000000,0.00040000,10000.00,13,LONG,1787274120000,73735.90000000,1787277840000,74912.10000000,11.76200000,11.16740800,0.59459200,62
BTCUSDT,1m,7,25,50,0.01000000,0.00040000,10000.00,14,SHORT,1787277840000,74912.10000000,1787279460000,74965.00000000,-0.52900000,-1.12850840,0.59950840,27
BTCUSDT,1m,7,25,50,0.01000000,0.00040000,10000.00,15,LONG,1787279460000,74965.00000000,1787279940000,74742.80000000,-2.22200000,-2.82083120,0.59883120,8
BTCUSDT,1m,7,25,50,0.01000000,0.00040000,10000.00,16,SHORT,1787279940000,74742.80000000,1787282100000,74419.90000000,3.22900000,2.63234920,0.59665080,36
BTCUSDT,1m,7,25,50,0.01000000,0.00040000,10000.00,17,LONG,1787282100000,74419.90000000,1787283660000,74517.90000000,0.98000000,0.38424880,0.59575120,26
BTCUSDT,1m,7,25,50,0.01000000,0.00040000,10000.00,18,SHORT,1787283660000,74517.90000000,1787283840000,74612.90000000,-0.95000000,-1.54652320,0.59652320,3
BTCUSDT,1m,7,25,50,0.01000000,0.00040000,10000.00,19,LONG,1787283840000,74612.90000000,1787284800000,74482.90000000,-1.30000000,-1.89638320,0.59638320,16
BTCUSDT,1m,7,25,50,0.01000000,0.00040000,10000.00,20,SHORT,1787284800000,74482.90000000,1787285220000,74694.80000000,-2.11900000,-2.71571080,0.59671080,7
BTCUSDT,1m,7,25,50,0.01000000,0.00040000,10000.00,21,LONG,1787285220000,74694.80000000,1787286660000,74754.80000000,0.60000000,0.00220160,0.59779840,24
BTCUSDT,1m,7,25,50,0.01000000,0.00040000,10000.00,22,SHORT,1787286660000,74754.80000000,1787286780000,74925.80000000,-1.71000000,-2.30872240,0.59872240,2
BTCUSDT,1m,7,25,50,0.01000000,0.00040000,10000.00,23,LONG,1787286780000,74925.80000000,1787290200000,75166.30000000,2.40500000,1.80463160,0.60036840,57
BTCUSDT,1m,7,25,50,0.01000000,0.00040000,10000.00,24,SHORT,1787290200000,75166.30000000,1787290980000,75246.80000000,-0.80500000,-1.40665240,0.60165240,13
BTCUSDT,1m,7,25,50,0.01000000,0.00040000,10000.00,25,LONG,1787290980000,75246.80000000,1787292840000,75267.10000000,0.20300000,-0.39905560,0.60205560,31
BTCUSDT,1m,7,25,50,0.01000000,0.00040000,10000.00,26,SHORT,1787292840000,75267.10000000,1787293860000,75372.20000000,-1.05100000,-1.65355720,0.60255720,17
BTCUSDT,1m,7,25,50,0.01000000,0.00040000,10000.00,27,LONG,1787293860000,75372.20000000,1787294820000,75275.20000000,-0.97000000,-1.57258960,0.60258960,16
BTCUSDT,1m,7,25,50,0.01000000,0.00040000,10000.00,28,SHORT,1787294820000,75275.20000000,1787295480000,75570.70000000,-2.95500000,-3.55838360,0.60338360,11
BTCUSDT,1m,7,25,50,0.01000000,0.00040000,10000.00,29,LONG,1787295480000,75570.70000000,1787298000000,76506.50000000,9.35800000,8.74969120,0.60830880,42
BTCUSDT,1m,7,25,50,0.01000000,0.00040000,10000.00,30,SHORT,1787298000000,76506.50000000,1787298060000,76533.30000000,-0.26800000,-0.88015920,0.61215920,1
BTCUSDT,1m,7,25,50,0.01000000,0.00040000,10000.00,31,LONG,1787298060000,76533.30000000,1787298780000,76322.00000000,-2.11300000,-2.72442120,0.61142120,12
BTCUSDT,1m,7,25,50,0.01000000,0.00040000,10000.00,32,SHORT,1787298780000,76322.00000000,1787299560000,76561.50000000,-2.39500000,-3.00653400,0.61153400,13
BTCUSDT,1m,7,25,50,0.01000000,0.00040000,10000.00,33,LONG,1787299560000,76561.50000000,1787303220000,77716.80000000,11.55300000,10.93588680,0.61711320,61
BTCUSDT,1m,7,25,50,0.01000000,0.00040000,10000.00,34,SHORT,1787303220000,77716.80000000,1787304840000,77862.30000000,-1.45500000,-2.07731640,0.62231640,27
BTCUSDT,1m,7,25,50,0.01000000,0.00040000,10000.00,35,LONG,1787304840000,77862.30000000,1787306280000,77701.00000000,-1.61300000,-2.23525320,0.62225320,24
BTCUSDT,1m,7,25,50,0.01000000,0.00040000,10000.00,36,SHORT,1787306280000,77701.00000000,1787307300000,78031.10000000,-3.30100000,-3.92392840,0.62292840,17
BTCUSDT,1m,7,25,50,0.01000000,0.00040000,10000.00,37,LONG,1787307300000,78031.10000000,1787308140000,77843.20000000,-1.87900000,-2.50249720,0.62349720,14
BTCUSDT,1m,7,25,50,0.01000000,0.00040000,10000.00,38,SHORT,1787308140000,77843.20000000,1787309220000,77957.00000000,-1.13800000,-1.76120080,0.62320080,18
BTCUSDT,1m,7,25,50,0.01000000,0.00040000,10000.00,39,LONG,1787309220000,77957.00000000,1787309700000,77814.10000000,-1.42900000,-2.05208440,0.62308440,8
BTCUSDT,1m,7,25,50,0.01000000,0.00040000,10000.00,40,SHORT,1787309700000,77814.10000000,1787309820000,77844.20000000,-0.30100000,-0.92363320,0.62263320,2
BTCUSDT,1m,7,25,50,0.01000000,0.00040000,10000.00,41,LONG,1787309820000,77844.20000000,1787310120000,77720.10000000,-1.24100000,-1.86325720,0.62225720,5
BTCUSDT,1m,7,25,50,0.01000000,0.00040000,10000.00,42,SHORT,1787310120000,77720.10000000,1787313360000,76956.40000000,7.63700000,7.01829400,0.61870600,54
BTCUSDT,1m,7,25,50,0.01000000,0.00040000,10000.00,43,LONG,1787313360000,76956.40000000,1787313660000,76659.80000000,-2.96600000,-3.58046480,0.61446480,5
BTCUSDT,1m,7,25,50,0.01000000,0.00040000,10000.00,44,SHORT,1787313660000,76659.80000000,1787314200000,76804.20000000,-1.44400000,-2.05785600,0.61385600,9
BTCUSDT,1m,7,25,50,0.01000000,0.00040000,10000.00,45,LONG,1787314200000,76804.20000000,1787315040000,76680.20000000,-1.24000000,-1.85393760,0.61393760,14
BTCUSDT,1m,7,25,50,0.01000000,0.00040000,10000.00,46,SHORT,1787315040000,76680.20000000,1787315880000,76985.10000000,-3.04900000,-3.66366120,0.61466120,14
BTCUSDT,1m,7,25,50,0.01000000,0.00040000,10000.00,47,LONG,1787315880000,76985.10000000,1787317140000,77176.40000000,1.91300000,1.29635400,0.61664600,21
BTCUSDT,1m,7,25,50,0.01000000,0.00040000,10000.00,48,SHORT,1787317140000,77176.40000000,1787317800000,77243.00000000,-0.66600000,-1.28367760,0.61767760,11
BTCUSDT,1m,7,25,50,0.01000000,0.00040000,10000.00,49,LONG,1787317800000,77243.00000000,1787317980000,77136.80000000,-1.06200000,-1.67951920,0.61751920,3
BTCUSDT,1m,7,25,50,0.01000000,0.00040000,10000.00,50,SHORT,1787317980000,77136.80000000,1787319780000,77289.90000000,-1.53100000,-2.14870680,0.61770680,30
BTCUSDT,1m,7,25,50,0.01000000,0.00040000,10000.00,51,LONG,1787319780000,77289.90000000,1787320920000,77070.10000000,-2.19800000,-2.81544000,0.61744000,19
BTCUSDT,1m,7,25,50,0.01000000,0.00040000,10000.00,52,SHORT,1787320920000,77070.10000000,1787322420000,77079.40000000,-0.09300000,-0.70959800,0.61659800,25
BTCUSDT,1m,7,25,50,0.01000000,0.00040000,10000.00,53,LONG,1787322420000,77079.40000000,1787323440000,77131.30000000,0.51900000,-0.09784280,0.61684280,17
BTCUSDT,1m,7,25,50,0.01000000,0.00040000,10000.00,54,SHORT,1787323440000,77131.30000000,1787323620000,77312.70000000,-1.81400000,-2.43177600,0.61777600,3
BTCUSDT,1m,7,25,50,0.01000000,0.00040000,10000.00,55,LONG,1787323620000,77312.70000000,1787326500000,77556.80000000,2.44100000,1.82152200,0.61947800,48
BTCUSDT,1m,7,25,50,0.01000000,0.00040000,10000.00,56,SHORT,1787326500000,77556.80000000,1787329380000,77059.90000000,4.96900000,4.35053320,0.61846680,48
BTCUSDT,1m,7,25,50,0.01000000,0.00040000,10000.00,57,LONG,1787329380000,77059.90000000,1787332680000,77429.80000000,3.69900000,3.08104120,0.61795880,55
BTCUSDT,1m,7,25,50,0.01000000,0.00040000,10000.00,58,SHORT,1787332680000,77429.80000000,1787333520000,77577.40000000,-1.47600000,-2.09602880,0.62002880,14
BTCUSDT,1m,7,25,50,0.01000000,0.00040000,10000.00,59,LONG,1787333520000,77577.40000000,1787334360000,77301.80000000,-2.75600000,-3.37551680,0.61951680,14
BTCUSDT,1m,7,25,50,0.01000000,0.00040000,10000.00,60,SHORT,1787334360000,77301.80000000,1787335380000,77458.80000000,-1.57000000,-2.18904240,0.61904240,17
BTCUSDT,1m,7,25,50,0.01000000,0.00040000,10000.00,61,LONG,1787335380000,77458.80000000,1787335920000,77292.90000000,-1.65900000,-2.27800680,0.61900680,9
BTCUSDT,1m,7,25,50,0.01000000,0.00040000,10000.00,62,SHORT,1787335920000,77292.90000000,1787336700000,77405.70000000,-1.12800000,-1.74679440,0.61879440,13
BTCUSDT,1m,7,25,50,0.01000000,0.00040000,10000.00,63,LONG,1787336700000,77405.70000000,1787337300000,77275.10000000,-1.30600000,-1.92472320,0.61872320,10
BTCUSDT,1m,7,25,50,0.01000000,0.00040000,10000.00,64,SHORT,1787337300000,77275.10000000,1787338860000,77043.10000000,2.32000000,1.70272720,0.61727280,26
BTCUSDT,1m,7,25,50,0.01000000,0.00040000,10000.00,65,LONG,1787338860000,77043.10000000,1787341260000,77085.40000000,0.42300000,-0.19351400,0.61651400,40
BTCUSDT,1m,7,25,50,0.01000000,0.00040000,10000.00,66,SHORT,1787341260000,77085.40000000,1787343060000,77234.90000000,-1.49500000,-2.11228120,0.61728120,30
BTCUSDT,1m,7,25,50,0.01000000,0.00040000,10000.00,67,LONG,1787343060000,77234.90000000,1787344860000,77426.80000000,1.91900000,1.30035320,0.61864680,30
BTCUSDT,1m,7,25,50,0.01000000,0.00040000,10000.00,68,SHORT,1787344860000,77426.80000000,1787345700000,77455.20000000,-0.28400000,-0.90352800,0.61952800,14
BTCUSDT,1m,7,25,50,0.01000000,0.00040000,10000.00,69,LONG,1787345700000,77455.20000000,1787346420000,77394.70000000,-0.60500000,-1.22439960,0.61939960,12
BTCUSDT,1m,7,25,50,0.01000000,0.00040000,10000.00,70,SHORT,1787346420000,77394.70000000,1787346720000,77643.50000000,-2.48800000,-3.10815280,0.62015280,5
BTCUSDT,1m,7,25,50,0.01000000,0.00040000,10000.00,71,LONG,1787346720000,77643.50000000,1787351100000,78511.30000000,8.67800000,8.05338080,0.62461920,73
BTCUSDT,1m,7,25,50,0.01000000,0.00040000,10000.00,72,SHORT,1787351100000,78511.30000000,1787352240000,78460.00000000,0.51300000,-0.11488520,0.62788520,19
BTCUSDT,1m,7,25,50,0.01000000,0.00040000,10000.00,73,LONG,1787352240000,78460.00000000,1787352540000,78351.40000000,-1.08600000,-1.71324560,0.62724560,5
BTCUSDT,1m,7,25,50,0.01000000,0.00040000,10000.00,74,SHORT,1787352540000,78351.40000000,1787352840000,78528.90000000,-1.77500000,-2.40252120,0.62752120,5
BTCUSDT,1m,7,25,50,0.01000000,0.00040000,10000.00,75,LONG,1787352840000,78528.90000000,1787353380000,78378.20000000,-1.50700000,-2.13462840,0.62762840,9
BTCUSDT,1m,7,25,50,0.01000000,0.00040000,10000.00,76,SHORT,1787353380000,78378.20000000,1787353740000,78500.80000000,-1.22600000,-1.85351600,0.62751600,6
BTCUSDT,1m,7,25,50,0.01000000,0.00040000,10000.00,77,LONG,1787353740000,78500.80000000,1787355000000,78383.80000000,-1.17000000,-1.79753840,0.62753840,21
BTCUSDT,1m,7,25,50,0.01000000,0.00040000,10000.00,78,SHORT,1787355000000,78383.80000000,1787356680000,78298.20000000,0.85600000,0.22927200,0.62672800,28
BTCUSDT,1m,7,25,50,0.01000000,0.00040000,10000.00,79,LONG,1787356680000,78298.20000000,1787357160000,77963.80000000,-3.34400000,-3.96904800,0.62504800,8
BTCUSDT,1m,7,25,50,0.01000000,0.00040000,10000.00,80,SHORT,1787357160000,77963.80000000,1787358300000,78063.40000000,-0.99600000,-1.62010880,0.62410880,19
BTCUSDT,1m,7,25,50,0.01000000,0.00040000,10000.00,81,LONG,1787358300000,78063.40000000,1787358780000,77909.00000000,-1.54400000,-2.16788960,0.62388960,8
BTCUSDT,1m,7,25,50,0.01000000,0.00040000,10000.00,82,SHORT,1787358780000,77909.00000000,1787358840000,77985.00000000,-0.76000000,-1.38357600,0.62357600,1
BTCUSDT,1m,7,25,50,0.01000000,0.00040000,10000.00,83,LONG,1787358840000,77985.00000000,1787358900000,77890.10000000,-0.94900000,-1.57250040,0.62350040,1
BTCUSDT,1m,7,25,50,0.01000000,0.00040000,10000.00,84,SHORT,1787358900000,77890.10000000,1787360280000,77944.10000000,-0.54000000,-1.16333680,0.62333680,23
BTCUSDT,1m,7,25,50,0.01000000,0.00040000,10000.00,85,LONG,1787360280000,77944.10000000,1787361720000,77955.30000000,0.11200000,-0.51159760,0.62359760,24
BTCUSDT,1m,7,25,50,0.01000000,0.00040000,10000.00,86,SHORT,1787361720000,77955.30000000,1787362440000,78169.40000000,-2.14100000,-2.76549880,0.62449880,12
BTCUSDT,1m,7,25,50,0.01000000,0.00040000,10000.00,87,LONG,1787362440000,78169.40000000,1787363040000,77898.80000000,-2.70600000,-3.33027280,0.62427280,10
BTCUSDT,1m,7,25,50,0.01000000,0.00040000,10000.00,88,SHORT,1787363040000,77898.80000000,1787364240000,77954.20000000,-0.55400000,-1.17741200,0.62341200,20
BTCUSDT,1m,7,25,50,0.01000000,0.00040000,10000.00,89,LONG,1787364240000,77954.20000000,1787368500000,78378.00000000,4.23800000,3.61267120,0.62532880,71
BTCUSDT,1m,7,25,50,0.01000000,0.00040000,10000.00,90,SHORT,1787368500000,78378.00000000,1787368920000,78571.30000000,-1.93300000,-2.56079720,0.62779720,7
BTCUSDT,1m,7,25,50,0.01000000,0.00040000,10000.00,91,LONG,1787368920000,78571.30000000,1787370240000,78597.70000000,0.26400000,-0.36467600,0.62867600,22
BTCUSDT,1m,7,25,50,0.01000000,0.00040000,10000.00,92,SHORT,1787370240000,78597.70000000,1787372700000,78481.40000000,1.16300000,0.53468360,0.62831640,41
BTCUSDT,1m,7,25,50,0.01000000,0.00040000,10000.00,93,LONG,1787372700000,78481.40000000,1787374200000,78560.00000000,0.78600000,0.15783440,0.62816560,25
BTCUSDT,1m,7,25,50,0.01000000,0.00040000,10000.00,94,SHORT,1787374200000,78560.00000000,1787376840000,77277.70000000,12.82300000,12.19964920,0.62335080,44
BTCUSDT,1m,7,25,50,0.01000000,0.00040000,10000.00,95,LONG,1787376840000,77277.70000000,1787377440000,77023.00000000,-2.54700000,-3.16420280,0.61720280,10
BTCUSDT,1m,7,25,50,0.01000000,0.00040000,10000.00,96,SHORT,1787377440000,77023.00000000,1787377800000,77365.30000000,-3.42300000,-4.04055320,0.61755320,6
BTCUSDT,1m,7,25,50,0.01000000,0.00040000,10000.00,97,LONG,1787377800000,77365.30000000,1787378820000,77145.70000000,-2.19600000,-2.81404400,0.61804400,17
BTCUSDT,1m,7,25,50,0.01000000,0.00040000,10000.00,98,SHORT,1787378820000,77145.70000000,1787379900000,77364.10000000,-2.18400000,-2.80203920,0.61803920,18
BTCUSDT,1m,7,25,50,0.01000000,0.00040000,10000.00,99,LONG,1787379900000,77364.10000000,1787380320000,77130.30000000,-2.33800000,-2.95597760,0.61797760,7
BTCUSDT,1m,7,25,50,0.01000000,0.00040000,10000.00,100,SHORT,1787380320000,77130.30000000,1787380800000,77493.40000000,-3.63100000,-4.24949480,0.61849480,8
BTCUSDT,1m,7,25,50,0.01000000,0.00040000,10000.00,101,LONG,1787380800000,77493.40000000,1787382720000,77319.70000000,-1.73700000,-2.35625240,0.61925240,32
BTCUSDT,1m,7,25,50,0.01000000,0.00040000,10000.00,102,SHORT,1787382720000,77319.70000000,1787383680000,77436.80000000,-1.17100000,-1.79002600,0.61902600,16
BTCUSDT,1m,7,25,50,0.01000000,0.00040000,10000.00,103,LONG,1787383680000,77436.80000000,1787384580000,77414.10000000,-0.22700000,-0.84640360,0.61940360,15
BTCUSDT,1m,7,25,50,0.01000000,0.00040000,10000.00,104,SHORT,1787384580000,77414.10000000,1787386380000,77390.70000000,0.23400000,-0.38521920,0.61921920,30
BTCUSDT,1m,7,25,50,0.01000000,0.00040000,10000.00,105,LONG,1787386380000,77390.70000000,1787386980000,77293.00000000,-0.97700000,-1.59573480,0.61873480,10
BTCUSDT,1m,7,25,50,0.01000000,0.00040000,10000.00,106,SHORT,1787386980000,77293.00000000,1787388420000,77151.70000000,1.41300000,0.79522120,0.61777880,24
BTCUSDT,1m,7,25,50,0.01000000,0.00040000,10000.00,107,LONG,1787388420000,77151.70000000,1787389320000,77133.80000000,-0.17900000,-0.79614200,0.61714200,15
BTCUSDT,1m,7,25,50,0.01000000,0.00040000,10000.00,108,SHORT,1787389320000,77133.80000000,1787389920000,77287.80000000,-1.54000000,-2.15768640,0.61768640,10
BTCUSDT,1m,7,25,50,0.01000000,0.00040000,10000.00,109,LONG,1787389920000,77287.80000000,1787390940000,77192.70000000,-0.95100000,-1.56892200,0.61792200,17
BTCUSDT,1m,7,25,50,0.01000000,0.00040000,10000.00,110,SHORT,1787390940000,77192.70000000,1787394660000,76909.40000000,2.83300000,2.21659160,0.61640840,62
BTCUSDT,1m,7,25,50,0.01000000,0.00040000,10000.00,111,LONG,1787394660000,76909.40000000,1787396100000,76992.00000000,0.82600000,0.21039440,0.61560560,24
BTCUSDT,1m,7,25,50,0.01000000,0.00040000,10000.00,112,SHORT,1787396100000,76992.00000000,1787398200000,76991.80000000,0.00200000,-0.61393520,0.61593520,35
BTCUSDT,1m,7,25,50,0.01000000,0.00040000,10000.00,113,LONG,1787398200000,76991.80000000,1787399640000,77111.50000000,1.19700000,0.58058680,0.61641320,24
BTCUSDT,1m,7,25,50,0.01000000,0.00040000,10000.00,114,SHORT,1787399640000,77111.50000000,1787400120000,77204.00000000,-0.92500000,-1.54226200,0.61726200,8
BTCUSDT,1m,7,25,50,0.01000000,0.00040000,10000.00,115,LONG,1787400120000,77204.00000000,1787402160000,77223.00000000,0.19000000,-0.42770800,0.61770800,34
BTCUSDT,1m,7,25,50,0.01000000,0.00040000,10000.00,116,SHORT,1787402160000,77223.00000000,1787402640000,77322.00000000,-0.99000000,-1.60818000,0.61818000,8
BTCUSDT,1m,7,25,50,0.01000000,0.00040000,10000.00,117,LONG,1787402640000,77322.00000000,1787403780000,77257.60000000,-0.64400000,-1.26231840,0.61831840,19
BTCUSDT,1m,7,25,50,0.01000000,0.00040000,10000.00,118,SHORT,1787403780000,77257.60000000,1787406420000,77196.50000000,0.61100000,-0.00681640,0.61781640,44
BTCUSDT,1m,7,25,50,0.01000000,0.00040000,10000.00,119,LONG,1787406420000,77196.50000000,1787407620000,77059.90000000,-1.36600000,-1.98302560,0.61702560,20
BTCUSDT,1m,7,25,50,0.01000000,0.00040000,10000.00,120,SHORT,1787407620000,77059.90000000,1787409000000,77107.80000000,-0.47900000,-1.09567080,0.61667080,23
BTCUSDT,1m,7,25,50,0.01000000,0.00040000,10000.00,121,LONG,1787409000000,77107.80000000,1787409720000,77025.30000000,-0.82500000,-1.44153240,0.61653240,12
BTCUSDT,1m,7,25,50,0.01000000,0.00040000,10000.00,122,SHORT,1787409720000,77025.30000000,1787410920000,77055.80000000,-0.30500000,-0.92132440,0.61632440,20
BTCUSDT,1m,7,25,50,0.01000000,0.00040000,10000.00,123,LONG,1787410920000,77055.80000000,1787411580000,76987.30000000,-0.68500000,-1.30117240,0.61617240,11
BTCUSDT,1m,7,25,50,0.01000000,0.00040000,10000.00,124,SHORT,1787411580000,76987.30000000,1787412540000,77034.70000000,-0.47400000,-1.09008800,0.61608800,16
BTCUSDT,1m,7,25,50,0.01000000,0.00040000,10000.00,125,LONG,1787412540000,77034.70000000,1787413920000,76964.20000000,-0.70500000,-1.32099560,0.61599560,23
BTCUSDT,1m,7,25,50,0.01000000,0.00040000,10000.00,126,SHORT,1787413920000,76964.20000000,1787414820000,77057.70000000,-0.93500000,-1.55108760,0.61608760,15
BTCUSDT,1m,7,25,50,0.01000000,0.00040000,10000.00,127,LONG,1787414820000,77057.70000000,1787417820000,77331.00000000,2.73300000,2.11544520,0.61755480,50
BTCUSDT,1m,7,25,50,0.01000000,0.00040000,10000.00,128,SHORT,1787417820000,77331.00000000,1787419320000,77343.70000000,-0.12700000,-0.74569880,0.61869880,25
BTCUSDT,1m,7,25,50,0.01000000,0.00040000,10000.00,129,LONG,1787419320000,77343.70000000,1787419680000,77295.00000000,-0.48700000,-1.10555480,0.61855480,6
BTCUSDT,1m,7,25,50,0.01000000,0.00040000,10000.00,130,SHORT,1787419680000,77295.00000000,1787420820000,77264.50000000,0.30500000,-0.31323800,0.61823800,19
BTCUSDT,1m,7,25,50,0.01000000,0.00040000,10000.00,131,LONG,1787420820000,77264.50000000,1787422320000,77229.80000000,-0.34700000,-0.96497720,0.61797720,25
BTCUSDT,1m,7,25,50,0.01000000,0.00040000,10000.00,132,SHORT,1787422320000,77229.80000000,1787422980000,77345.40000000,-1.15600000,-1.77430080,0.61830080,11
BTCUSDT,1m,7,25,50,0.01000000,0.00040000,10000.00,133,LONG,1787422980000,77345.40000000,1787423880000,77290.90000000,-0.54500000,-1.16354520,0.61854520,15
BTCUSDT,1m,7,25,50,0.01000000,0.00040000,10000.00,134,SHORT,1787423880000,77290.90000000,1787425260000,77257.60000000,0.33300000,-0.28519400,0.61819400,23
BTCUSDT,1m,7,25,50,0.01000000,0.00040000,10000.00,135,LONG,1787425260000,77257.60000000,1787426760000,77270.10000000,0.12500000,-0.49311080,0.61811080,25
BTCUSDT,1m,7,25,50,0.01000000,0.00040000,10000.00,136,SHORT,1787426760000,77270.10000000,1787427120000,77327.10000000,-0.57000000,-1.18838880,0.61838880,6
BTCUSDT,1m,7,25,50,0.01000000,0.00040000,10000.00,137,LONG,1787427120000,77327.10000000,1787428980000,77380.10000000,0.53000000,-0.08882880,0.61882880,31
BTCUSDT,1m,7,25,50,0.01000000,0.00040000,10000.00,138,SHORT,1787428980000,77380.10000000,1787429580000,77446.60000000,-0.66500000,-1.28430680,0.61930680,10
BTCUSDT,1m,7,25,50,0.01000000,0.00040000,10000.00,139,LONG,1787429580000,77446.60000000,1787429940000,77360.00000000,-0.86600000,-1.48522640,0.61922640,6
BTCUSDT,1m,7,25,50,0.01000000,0.00040000,10000.00,140,SHORT,1787429940000,77360.00000000,1787431320000,77374.00000000,-0.14000000,-0.75893600,0.61893600,23
BTCUSDT,1m,7,25,50,0.01000000,0.00040000,10000.00,141,LONG,1787431320000,77374.00000000,1787432220000,77285.30000000,-0.88700000,-1.50563720,0.61863720,15
BTCUSDT,1m,7,25,50,0.01000000,0.00040000,10000.00,142,SHORT,1787432220000,77285.30000000,1787433720000,77148.60000000,1.36700000,0.74926440,0.61773560,25
BTCUSDT,1m,7,25,50,0.01000000,0.00040000,10000.00,143,LONG,1787433720000,77148.60000000,1787434560000,77085.50000000,-0.63100000,-1.24793640,0.61693640,14
BTCUSDT,1m,7,25,50,0.01000000,0.00040000,10000.00,144,SHORT,1787434560000,77085.50000000,1787436420000,77070.00000000,0.15500000,-0.46162200,0.61662200,31
BTCUSDT,1m,7,25,50,0.01000000,0.00040000,10000.00,145,LONG,1787436420000,77070.00000000,1787437920000,77038.90000000,-0.31100000,-0.92743560,0.61643560,25
BTCUSDT,1m,7,25,50,0.01000000,0.00040000,10000.00,146,SHORT,1787437920000,77038.90000000,1787438880000,77054.30000000,-0.15400000,-0.77037280,0.61637280,16
BTCUSDT,1m,7,25,50,0.01000000,0.00040000,10000.00,147,LONG,1787438880000,77054.30000000,1787439600000,77000.90000000,-0.53400000,-1.15022080,0.61622080,12
BTCUSDT,1m,7,25,50,0.01000000,0.00040000,10000.00,148,SHORT,1787439600000,77000.90000000,1787440140000,77079.20000000,-0.78300000,-1.39932040,0.61632040,9
BTCUSDT,1m,7,25,50,0.01000000,0.00040000,10000.00,149,LONG,1787440140000,77079.20000000,1787440320000,77003.10000000,-0.76100000,-1.37732920,0.61632920,3
BTCUSDT,1m,7,25,50,0.01000000,0.00040000,10000.00,150,SHORT,1787440320000,77003.10000000,1787442180000,77048.20000000,-0.45100000,-1.06720520,0.61620520,31
BTCUSDT,1m,7,25,50,0.01000000,0.00040000,10000.00,151,LONG,1787442180000,77048.20000000,1787443980000,77096.10000000,0.47900000,-0.13757720,0.61657720,30
BTCUSDT,1m,7,25,50,0.01000000,0.00040000,10000.00,152,SHORT,1787443980000,77096.10000000,1787444640000,77148.60000000,-0.52500000,-1.14197880,0.61697880,11
BTCUSDT,1m,7,25,50,0.01000000,0.00040000,10000.00,153,LONG,1787444640000,77148.60000000,1787447040000,77228.40000000,0.79800000,0.18049200,0.61750800,40
BTCUSDT,1m,7,25,50,0.01000000,0.00040000,10000.00,154,SHORT,1787447040000,77228.40000000,1787447760000,77377.50000000,-1.49100000,-2.10942360,0.61842360,12
BTCUSDT,1m,7,25,50,0.01000000,0.00040000,10000.00,155,LONG,1787447760000,77377.50000000,1787448600000,77282.30000000,-0.95200000,-1.57063920,0.61863920,14
BTCUSDT,1m,7,25,50,0.01000000,0.00040000,10000.00,156,SHORT,1787448600000,77282.30000000,1787449800000,77254.40000000,0.27900000,-0.33914680,0.61814680,20
BTCUSDT,1m,7,25,50,0.01000000,0.00040000,10000.00,157,LONG,1787449800000,77254.40000000,1787450280000,77196.00000000,-0.58400000,-1.20180160,0.61780160,8
BTCUSDT,1m,7,25,50,0.01000000,0.00040000,10000.00,158,SHORT,1787450280000,77196.00000000,1787452260000,77137.00000000,0.59000000,-0.02733200,0.61733200,33
BTCUSDT,1m,7,25,50,0.01000000,0.00040000,10000.00,159,LONG,1787452260000,77137.00000000,1787453520000,77125.00000000,-0.12000000,-0.73704800,0.61704800,21
BTCUSDT,1m,7,25,50,0.01000000,0.00040000,10000.00,160,SHORT,1787453520000,77125.00000000,1787455080000,77124.90000000,0.00100000,-0.61599960,0.61699960,26
BTCUSDT,1m,7,25,50,0.01000000,0.00040000,10000.00,161,LONG,1787455080000,77124.90000000,1787455560000,77041.20000000,-0.83700000,-1.45366440,0.61666440,8
BTCUSDT,1m,7,25,50,0.01000000,0.00040000,10000.00,162,SHORT,1787455560000,77041.20000000,1787457120000,76947.40000000,0.93800000,0.32204560,0.61595440,26
BTCUSDT,1m,7,25,50,0.01000000,0.00040000,10000.00,163,LONG,1787457120000,76947.40000000,1787457840000,76900.10000000,-0.47300000,-1.08839000,0.61539000,12
BTCUSDT,1m,7,25,50,0.01000000,0.00040000,10000.00,164,SHORT,1787457840000,76900.10000000,1787458620000,76984.90000000,-0.84800000,-1.46354000,0.61554000,13
BTCUSDT,1m,7,25,50,0.01000000,0.00040000,10000.00,165,LONG,1787458620000,76984.90000000,1787458920000,76830.60000000,-1.54300000,-2.15826200,0.61526200,5
BTCUSDT,1m,7,25,50,0.01000000,0.00040000,10000.00,166,SHORT,1787458920000,76830.60000000,1787459280000,76945.10000000,-1.14500000,-1.76010280,0.61510280,6
BTCUSDT,1m,7,25,50,0.01000000,0.00040000,10000.00,167,LONG,1787459280000,76945.10000000,1787459760000,76833.40000000,-1.11700000,-1.73211400,0.61511400,8
BTCUSDT,1m,7,25,50,0.01000000,0.00040000,10000.00,168,SHORT,1787459760000,76833.40000000,1787462940000,76274.30000000,5.59100000,4.97856920,0.61243080,53
BTCUSDT,1m,7,25,50,0.01000000,0.00040000,10000.00,169,LONG,1787462940000,76274.30000000,1787463840000,76151.50000000,-1.22800000,-1.83770320,0.60970320,15
BTCUSDT,1m,7,25,50,0.01000000,0.00040000,10000.00,170,SHORT,1787463840000,76151.50000000,1787465880000,76196.20000000,-0.44700000,-1.05639080,0.60939080,34
BTCUSDT,1m,7,25,50,0.01000000,0.00040000,10000.00,171,LONG,1787465880000,76196.20000000,1787467380000,76293.00000000,0.96800000,0.35804320,0.60995680,25
BTCUSDT,1m,7,25,50,0.01000000,0.00040000,10000.00,172,SHORT,1787467380000,76293.00000000,1787468940000,76240.00000000,0.53000000,-0.08013200,0.61013200,26
BTCUSDT,1m,7,25,50,0.01000000,0.00040000,10000.00,173,LONG,1787468940000,76240.00000000,1787470080000,76247.10000000,0.07100000,-0.53894840,0.60994840,19
BTCUSDT,1m,7,25,50,0.01000000,0.00040000,10000.00,174,SHORT,1787470080000,76247.10000000,1787472480000,76118.40000000,1.28700000,0.67753800,0.60946200,40
BTCUSDT,1m,7,25,50,0.01000000,0.00040000,10000.00,175,LONG,1787472480000,76118.40000000,1787475600000,76486.50000000,3.68100000,3.07058040,0.61041960,52
BTCUSDT,1m,7,25,50,0.01000000,0.00040000,10000.00,176,SHORT,1787475600000,76486.50000000,1787475900000,76586.40000000,-0.99900000,-1.61129160,0.61229160,5
BTCUSDT,1m,7,25,50,0.01000000,0.00040000,10000.00,177,LONG,1787475900000,76586.40000000,1787476920000,76505.70000000,-0.80700000,-1.41936840,0.61236840,17
BTCUSDT,1m,7,25,50,0.01000000,0.00040000,10000.00,178,SHORT,1787476920000,76505.70000000,1787478120000,76560.60000000,-0.54900000,-1.16126520,0.61226520,20
BTCUSDT,1m,7,25,50,0.01000000,0.00040000,10000.00,179,LONG,1787478120000,76560.60000000,1787479380000,76588.90000000,0.28300000,-0.32959800,0.61259800,21
BTCUSDT,1m,7,25,50,0.01000000,0.00040000,10000.00,180,SHORT,1787479380000,76588.90000000,1787479440000,76632.80000000,-0.43900000,-1.05188680,0.61288680,1
BTCUSDT,1m,7,25,50,0.01000000,0.00040000,10000.00,181,LONG,1787479440000,76632.80000000,1787482380000,76820.10000000,1.87300000,1.25918840,0.61381160,49
BTCUSDT,1m,7,25,50,0.01000000,0.00040000,10000.00,182,SHORT,1787482380000,76820.10000000,1787483520000,76832.00000000,-0.11900000,-0.73360840,0.61460840,19
BTCUSDT,1m,7,25,50,0.01000000,0.00040000,10000.00,183,LONG,1787483520000,76832.00000000,1787485860000,77200.00000000,3.68000000,3.06387200,0.61612800,39
BTCUSDT,1m,7,25,50,0.01000000,0.00040000,10000.00,184,SHORT,1787485860000,77200.00000000,1787486160000,77305.90000000,-1.05900000,-1.67702360,0.61802360,5
BTCUSDT,1m,7,25,50,0.01000000,0.00040000,10000.00,185,LONG,1787486160000,77305.90000000,1787486640000,77206.40000000,-0.99500000,-1.61304920,0.61804920,8
BTCUSDT,1m,7,25,50,0.01000000,0.00040000,10000.00,186,SHORT,1787486640000,77206.40000000,1787488800000,77136.80000000,0.69600000,0.07862720,0.61737280,36
BTCUSDT,1m,7,25,50,0.01000000,0.00040000,10000.00,187,LONG,1787488800000,77136.80000000,1787492100000,77380.10000000,2.43300000,1.81493240,0.61806760,55
BTCUSDT,1m,7,25,50,0.01000000,0.00040000,10000.00,188,SHORT,1787492100000,77380.10000000,1787492520000,77500.00000000,-1.19900000,-1.81852040,0.61952040,7
BTCUSDT,1m,7,25,50,0.01000000,0.00040000,10000.00,189,LONG,1787492520000,77500.00000000,1787493180000,77378.90000000,-1.21100000,-1.83051560,0.61951560,11
BTCUSDT,1m,7,25,50,0.01000000,0.00040000,10000.00,190,SHORT,1787493180000,77378.90000000,1787493780000,77570.30000000,-1.91400000,-2.53379680,0.61979680,10
BTCUSDT,1m,7,25,50,0.01000000,0.00040000,10000.00,191,LONG,1787493780000,77570.30000000,1787494140000,77416.90000000,-1.53400000,-2.15394880,0.61994880,6
BTCUSDT,1m,7,25,50,0.01000000,0.00040000,10000.00,192,SHORT,1787494140000,77416.90000000,1787494500000,77538.20000000,-1.21300000,-1.83282040,0.61982040,6
BTCUSDT,1m,7,25,50,0.01000000,0.00040000,10000.00,193,LONG,1787494500000,77538.20000000,1787495040000,77421.00000000,-1.17200000,-1.79183680,0.61983680,9
BTCUSDT,1m,7,25,50,0.01000000,0.00040000,10000.00,194,SHORT,1787495040000,77421.00000000,1787497440000,77188.10000000,2.32900000,1.71056360,0.61843640,40
BTCUSDT,1m,7,25,50,0.01000000,0.00040000,10000.00,195,LONG,1787497440000,77188.10000000,1787498160000,77134.10000000,-0.54000000,-1.15728880,0.61728880,12
BTCUSDT,1m,7,25,50,0.01000000,0.00040000,10000.00,196,SHORT,1787498160000,77134.10000000,1787498940000,77162.90000000,-0.28800000,-0.90518800,0.61718800,13
BTCUSDT,1m,7,25,50,0.01000000,0.00040000,10000.00,197,LONG,1787498940000,77162.90000000,1787500260000,77151.10000000,-0.11800000,-0.73525600,0.61725600,22
BTCUSDT,1m,7,25,50,0.01000000,0.00040000,10000.00,198,SHORT,1787500260000,77151.10000000,1787501160000,77230.60000000,-0.79500000,-1.41252680,0.61752680,15
BTCUSDT,1m,7,25,50,0.01000000,0.00040000,10000.00,199,LONG,1787501160000,77230.60000000,1787504640000,77164.70000000,-0.65900000,-1.27658120,0.61758120,58
BTCUSDT,1m,7,25,50,0.01000000,0.00040000,10000.00,200,SHORT,1787504640000,77164.70000000,1787505780000,77348.10000000,-1.83400000,-2.45205120,0.61805120,19
BTCUSDT,1m,7,25,50,0.01000000,0.00040000,10000.00,201,LONG,1787505780000,77348.10000000,1787506140000,77205.80000000,-1.42300000,-2.04121560,0.61821560,6
BTCUSDT,1m,7,25,50,0.01000000,0.00040000,10000.00,202,SHORT,1787506140000,77205.80000000,1787507280000,77209.90000000,-0.04100000,-0.65866280,0.61766280,19
BTCUSDT,1m,7,25,50,0.01000000,0.00040000,10000.00,203,LONG,1787507280000,77209.90000000,1787507580000,77235.60000000,0.25700000,-0.36078200,0.61778200,5
BTCUSDT,1m,7,25,50,0.01000000,0.00040000,10000.00,204,SHORT,1787507580000,77235.60000000,1787508780000,77375.60000000,-1.40000000,-2.01844480,0.61844480,20
BTCUSDT,1m,7,25,50,0.01000000,0.00040000,10000.00,205,LONG,1787508780000,77375.60000000,1787510100000,77270.50000000,-1.05100000,-1.66958440,0.61858440,22
BTCUSDT,1m,7,25,50,0.01000000,0.00040000,10000.00,206,SHORT,1787510100000,77270.50000000,1787510460000,77336.30000000,-0.65800000,-1.27642720,0.61842720,6
BTCUSDT,1m,7,25,50,0.01000000,0.00040000,10000.00,207,LONG,1787510460000,77336.30000000,1787510880000,77239.00000000,-0.97300000,-1.59130120,0.61830120,7
BTCUSDT,1m,7,25,50,0.01000000,0.00040000,10000.00,208,SHORT,1787510880000,77239.00000000,1787511660000,77354.70000000,-1.15700000,-1.77537480,0.61837480,13
BTCUSDT,1m,7,25,50,0.01000000,0.00040000,10000.00,209,LONG,1787511660000,77354.70000000,1787512380000,77241.00000000,-1.13700000,-1.75538280,0.61838280,12
BTCUSDT,1m,7,25,50,0.01000000,0.00040000,10000.00,210,SHORT,1787512380000,77241.00000000,1787512740000,77349.00000000,-1.08000000,-1.69836000,0.61836000,6
BTCUSDT,1m,7,25,50,0.01000000,0.00040000,10000.00,211,LONG,1787512740000,77349.00000000,1787513580000,77276.20000000,-0.72800000,-1.34650080,0.61850080,14
BTCUSDT,1m,7,25,50,0.01000000,0.00040000,10000.00,212,SHORT,1787513580000,77276.20000000,1787514060000,77364.60000000,-0.88400000,-1.50256320,0.61856320,8
BTCUSDT,1m,7,25,50,0.01000000,0.00040000,10000.00,213,LONG,1787514060000,77364.60000000,1787515080000,77292.90000000,-0.71700000,-1.33563000,0.61863000,17
BTCUSDT,1m,7,25,50,0.01000000,0.00040000,10000.00,214,SHORT,1787515080000,77292.90000000,1787516400000,77279.90000000,0.13000000,-0.48829120,0.61829120,22
BTCUSDT,1m,7,25,50,0.01000000,0.00040000,10000.00,215,LONG,1787516400000,77279.90000000,1787518560000,77379.90000000,1.00000000,0.38136080,0.61863920,36
BTCUSDT,1m,7,25,50,0.01000000,0.00040000,10000.00,216,SHORT,1787518560000,77379.90000000,1787518920000,77524.30000000,-1.44400000,-2.06361680,0.61961680,6
BTCUSDT,1m,7,25,50,0.01000000,0.00040000,10000.00,217,LONG,1787518920000,77524.30000000,1787521080000,77726.40000000,2.02100000,1.39999720,0.62100280,36
BTCUSDT,1m,7,25,50,0.01000000,0.00040000,10000.00,218,SHORT,1787521080000,77726.40000000,1787522100000,77767.00000000,-0.40600000,-1.02797360,0.62197360,17
BTCUSDT,1m,7,25,50,0.01000000,0.00040000,10000.00,219,LONG,1787522100000,77767.00000000,1787522820000,77700.00000000,-0.67000000,-1.29186800,0.62186800,12
BTCUSDT,1m,7,25,50,0.01000000,0.00040000,10000.00,220,SHORT,1787522820000,77700.00000000,1787523900000,77758.60000000,-0.58600000,-1.20783440,0.62183440,18
BTCUSDT,1m,7,25,50,0.01000000,0.00040000,10000.00,221,LONG,1787523900000,77758.60000000,1787524320000,77650.00000000,-1.08600000,-1.70763440,0.62163440,7
BTCUSDT,1m,7,25,50,0.01000000,0.00040000,10000.00,222,SHORT,1787524320000,77650.00000000,1787525640000,77624.40000000,0.25600000,-0.36509760,0.62109760,22
BTCUSDT,1m,7,25,50,0.01000000,0.00040000,10000.00,223,LONG,1787525640000,77624.40000000,1787525820000,77595.40000000,-0.29000000,-0.91087920,0.62087920,3
BTCUSDT,1m,7,25,50,0.01000000,0.00040000,10000.00,224,SHORT,1787525820000,77595.40000000,1787527200000,77531.40000000,0.64000000,0.01949280,0.62050720,23
BTCUSDT,1m,7,25,50,0.01000000,0.00040000,10000.00,225,LONG,1787527200000,77531.40000000,1787528520000,77502.30000000,-0.29100000,-0.91113480,0.62013480,22
BTCUSDT,1m,7,25,50,0.01000000,0.00040000,10000.00,226,SHORT,1787528520000,77502.30000000,1787529360000,77674.70000000,-1.72400000,-2.34470800,0.62070800,14
BTCUSDT,1m,7,25,50,0.01000000,0.00040000,10000.00,227,LONG,1787529360000,77674.70000000,1787530140000,77560.00000000,-1.14700000,-1.76793880,0.62093880,13
BTCUSDT,1m,7,25,50,0.01000000,0.00040000,10000.00,228,SHORT,1787530140000,77560.00000000,1787530500000,77606.30000000,-0.46300000,-1.08366520,0.62066520,6
BTCUSDT,1m,7,25,50,0.01000000,0.00040000,10000.00,229,LONG,1787530500000,77606.30000000,1787530620000,77547.50000000,-0.58800000,-1.20861520,0.62061520,2
BTCUSDT,1m,7,25,50,0.01000000,0.00040000,10000.00,230,SHORT,1787530620000,77547.50000000,1787531940000,77399.20000000,1.48300000,0.86321320,0.61978680,22
BTCUSDT,1m,7,25,50,0.01000000,0.00040000,10000.00,231,LONG,1787531940000,77399.20000000,1787532180000,77364.50000000,-0.34700000,-0.96605480,0.61905480,4
BTCUSDT,1m,7,25,50,0.01000000,0.00040000,10000.00,232,SHORT,1787532180000,77364.50000000,1787532840000,77510.90000000,-1.46400000,-2.08350160,0.61950160,11
BTCUSDT,1m,7,25,50,0.01000000,0.00040000,10000.00,233,LONG,1787532840000,77510.90000000,1787533980000,77493.50000000,-0.17400000,-0.79401760,0.62001760,19
BTCUSDT,1m,7,25,50,0.01000000,0.00040000,10000.00,234,SHORT,1787533980000,77493.50000000,1787537460000,77107.70000000,3.85800000,3.23959520,0.61840480,58
BTCUSDT,1m,7,25,50,0.01000000,0.00040000,10000.00,235,LONG,1787537460000,77107.70000000,1787539440000,77405.20000000,2.97500000,2.35694840,0.61805160,33
BTCUSDT,1m,7,25,50,0.01000000,0.00040000,10000.00,236,SHORT,1787539440000,77405.20000000,1787540400000,77461.60000000,-0.56400000,-1.18346720,0.61946720,16
BTCUSDT,1m,7,25,50,0.01000000,0.00040000,10000.00,237,LONG,1787540400000,77461.60000000,1787540820000,77303.90000000,-1.57700000,-2.19606200,0.61906200,7
BTCUSDT,1m,7,25,50,0.01000000,0.00040000,10000.00,238,SHORT,1787540820000,77303.90000000,1787544360000,77056.10000000,2.47800000,1.86056000,0.61744000,59
BTCUSDT,1m,7,25,50,0.01000000,0.00040000,10000.00,239,LONG,1787544360000,77056.10000000,1787546400000,77150.20000000,0.94100000,0.32417480,0.61682520,34
BTCUSDT,1m,7,25,50,0.01000000,0.00040000,10000.00,240,SHORT,1787546400000,77150.20000000,1787548020000,76931.10000000,2.19100000,1.57467480,0.61632520,27
BTCUSDT,1m,7,25,50,0.01000000,0.00040000,10000.00,241,LONG,1787548020000,76931.10000000,1787549520000,76922.40000000,-0.08700000,-0.70241400,0.61541400,25
BTCUSDT,1m,7,25,50,0.01000000,0.00040000,10000.00,242,SHORT,1787549520000,76922.40000000,1787550180000,77123.10000000,-2.00700000,-2.62318200,0.61618200,11
BTCUSDT,1m,7,25,50,0.01000000,0.00040000,10000.00,243,LONG,1787550180000,77123.10000000,1787551680000,77109.80000000,-0.13300000,-0.74993160,0.61693160,25
BTCUSDT,1m,7,25,50,0.01000000,0.00040000,10000.00,244,SHORT,1787551680000,77109.80000000,1787551740000,77144.50000000,-0.34700000,-0.96401720,0.61701720,1
BTCUSDT,1m,7,25,50,0.01000000,0.00040000,10000.00,245,LONG,1787551740000,77144.50000000,1787553240000,77266.70000000,1.22200000,0.60435520,0.61764480,25
BTCUSDT,1m,7,25,50,0.01000000,0.00040000,10000.00,246,SHORT,1787553240000,77266.70000000,1787554080000,77469.80000000,-2.03100000,-2.64994600,0.61894600,14
BTCUSDT,1m,7,25,50,0.01000000,0.00040000,10000.00,247,LONG,1787554080000,77469.80000000,1787556600000,77583.50000000,1.13700000,0.51678680,0.62021320,42
BTCUSDT,1m,7,25,50,0.01000000,0.00040000,10000.00,248,SHORT,1787556600000,77583.50000000,1787557379999,77367.10000000,2.16400000,1.54419760,0.61980240,12
